disease,symptoms,precautions,specialist,urgency
Influenza,"fever, cough, sore throat, fatigue, body aches","Rest, hydration, antivirals if severe, avoid contact",General Practitioner,Medium
COVID-19,"fever, dry cough, loss of taste/smell, shortness of breath, fatigue","Isolate, test, monitor oxygen, seek emergency if breathing worsens",Pulmonologist,High
Common Cold,"runny nose, sneezing, mild sore throat, congestion, low-grade fever","Rest, hydration, saline spray, hand hygiene",General Practitioner,Low
Pneumonia,"productive cough, fever, chills, shortness of breath, chest pain","Antibiotics, rest, hydration, hospitalization if severe",Pulmonologist,High
Bronchitis,"persistent cough, mucus production, fatigue, mild fever, chest discomfort","Rest, steam inhalation, avoid smoking, hydration",General Practitioner,Medium
Asthma,"wheezing, shortness of breath, chest tightness, coughing, rapid breathing","Use rescue inhaler, avoid triggers, monitor peak flow",Pulmonologist,High
COPD,"chronic cough, sputum production, shortness of breath, wheezing, fatigue","Smoking cessation, pulmonary rehab, oxygen if needed, avoid pollutants",Pulmonologist,High
Tuberculosis,"chronic cough, night sweats, weight loss, fever, hemoptysis","Isolate until non-infectious, complete antibiotics, cough hygiene",Infectious Disease Specialist,High
Lung Cancer,"persistent cough, chest pain, weight loss, hemoptysis, shortness of breath","Smoking cessation, imaging, consult oncology, avoid carcinogens",Oncologist,High
Pulmonary Embolism,"sudden shortness of breath, chest pain, rapid pulse, cough with blood, leg swelling","Emergency care, anticoagulation, compression stockings, mobility",Emergency Physician,High
Hypertension,"often asymptomatic, headache, dizziness, vision changes, nosebleeds","Reduce salt, exercise, monitor BP, limit alcohol",Cardiologist,Medium
Coronary Artery Disease,"chest pain (angina), shortness of breath, fatigue, palpitations, jaw pain","Healthy diet, exercise, statins, avoid smoking",Cardiologist,High
Heart Attack,"chest pressure, arm/jaw pain, shortness of breath, nausea, cold sweat","Call emergency, aspirin, CPR if needed, rest",Cardiologist,High
Heart Failure,"shortness of breath, leg swelling, fatigue, rapid weight gain, persistent cough","Low-sodium diet, monitor weight, diuretics, limit fluids",Cardiologist,High
Arrhythmia,"palpitations, dizziness, chest fluttering, fainting, shortness of breath","Avoid stimulants, medications, ablation if needed, monitor pulse",Cardiologist,Medium
Stroke,"sudden numbness, confusion, trouble speaking, severe headache, loss of balance","Call emergency immediately, note time of onset, do not give aspirin",Neurologist,High
Transient Ischemic Attack,"temporary weakness, slurred speech, vision loss, dizziness, numbness","Emergency evaluation, antiplatelet therapy, manage BP, control cholesterol",Neurologist,High
Migraine,"throbbing headache, nausea, light sensitivity, aura, vomiting","Dark quiet room, hydration, triptans, avoid triggers",Neurologist,Medium
Tension Headache,"dull pressure headache, neck tightness, scalp tenderness, mild fatigue","Stress management, OTC pain relievers, posture correction, hydration",General Practitioner,Low
Cluster Headache,"severe unilateral eye pain, tearing, nasal congestion, restlessness","Oxygen therapy, triptans, avoid alcohol, preventive medications",Neurologist,High
Epilepsy,"recurrent seizures, confusion, staring spells, muscle jerks, loss of consciousness","Antiseizure meds, avoid triggers, safety precautions, medical ID",Neurologist,Medium
Multiple Sclerosis,"numbness, vision problems, fatigue, muscle weakness, balance issues","Disease-modifying therapy, physical therapy, avoid overheating, vitamin D",Neurologist,Medium
Parkinson's Disease,"tremor, bradykinesia, rigidity, balance problems, masked face","Medications (levodopa), physical therapy, fall prevention, speech therapy",Neurologist,Medium
Alzheimer's Disease,"memory loss, confusion, personality changes, difficulty speaking, disorientation","Cognitive stimulation, safety measures, caregiver support, routine",Neurologist,Medium
Meningitis,"severe headache, stiff neck, fever, nausea, photophobia","Emergency antibiotics/virals, isolation, vaccination prevention",Infectious Disease Specialist,High
Encephalitis,"fever, headache, confusion, seizures, sensitivity to light","Hospitalization, antivirals, supportive care, seizure control",Neurologist,High
Type 1 Diabetes,"thirst, frequent urination, weight loss, fatigue, blurred vision","Insulin therapy, carbohydrate counting, glucose monitoring, ketone testing",Endocrinologist,High
Type 2 Diabetes,"thirst, frequent urination, fatigue, blurred vision, slow healing","Diet, exercise, metformin, monitor glucose, foot care",Endocrinologist,Medium
Hypothyroidism,"fatigue, weight gain, cold intolerance, dry skin, depression","Levothyroxine, regular TSH monitoring, healthy diet, avoid iodine excess",Endocrinologist,Medium
Hyperthyroidism,"weight loss, heat intolerance, palpitations, anxiety, tremor","Antithyroid drugs, beta-blockers, radioactive iodine, avoid caffeine",Endocrinologist,Medium
Cushing's Syndrome,"weight gain (face/trunk), purple striae, hypertension, diabetes, easy bruising","Treat underlying cause, reduce steroids, monitor BP, bone density",Endocrinologist,High
Addison's Disease,"fatigue, hyperpigmentation, low BP, salt craving, nausea","Lifelong steroids, stress dosing, hydration, monitor electrolytes",Endocrinologist,High
Rheumatoid Arthritis,"joint pain/swelling, morning stiffness, fatigue, fever, rheumatoid nodules","DMARDs, physical therapy, rest, joint protection",Rheumatologist,Medium
Osteoarthritis,"joint pain, stiffness after rest, bone spurs, crepitus, reduced motion","Weight loss, exercise, NSAIDs, assistive devices",Orthopedist,Medium
Gout,"sudden severe joint pain, redness, swelling, warmth, tophi","Low-purine diet, hydration, NSAIDs, avoid alcohol",Rheumatologist,Medium
Lupus (SLE),"malar rash, joint pain, fatigue, photosensitivity, kidney problems","Avoid sun, corticosteroids, immunosuppressants, monitor organ function",Rheumatologist,High
Scleroderma,"skin thickening, Raynaud's, joint pain, digestive issues, lung fibrosis","Immunosuppressants, physical therapy, avoid cold, monitor BP",Rheumatologist,Medium
Psoriasis,"red plaques with silvery scales, itching, nail pitting, joint pain","Topical steroids, phototherapy, biologics, moisturize",Dermatologist,Medium
Eczema,"dry itchy skin, redness, crusting, weeping lesions, sleep disturbance","Moisturize, avoid triggers, topical steroids, antihistamines",Dermatologist,Low
Contact Dermatitis,"localized redness, blisters, itching, burning, dry cracked skin","Identify and avoid allergen, barrier creams, topical steroids, cool compresses",Dermatologist,Low
Acne Vulgaris,"comedones, pustules, cysts, redness, scars","Benzoyl peroxide, retinoids, avoid picking, gentle cleansing",Dermatologist,Low
Rosacea,"facial redness, visible blood vessels, bumps, eye irritation, flushing","Avoid triggers, topical metronidazole, sunscreen, gentle skincare",Dermatologist,Low
Melanoma,"new or changing mole, asymmetry, irregular border, color variation, large diameter","Sun protection, regular skin checks, excision, sentinel lymph node biopsy",Oncologist,High
Basal Cell Carcinoma,"pearly nodule, telangiectasias, bleeding, ulceration, waxy scar","Surgical excision, Mohs surgery, sun avoidance, regular follow-up",Dermatologist,Medium
Gastroenteritis,"diarrhea, vomiting, abdominal cramps, low-grade fever, nausea","Hydration, oral rehydration, bland diet, hand hygiene",General Practitioner,Medium
Peptic Ulcer Disease,"burning epigastric pain, bloating, nausea, dark stools, weight loss","PPIs, avoid NSAIDs, H. pylori treatment, avoid spicy food",Gastroenterologist,Medium
GERD,"heartburn, regurgitation, chest pain, difficulty swallowing, chronic cough","Elevate head, avoid trigger foods, antacids, weight loss",Gastroenterologist,Medium
Irritable Bowel Syndrome,"abdominal pain, bloating, diarrhea/constipation, mucus in stool, urgency","FODMAP diet, stress management, fiber, probiotics",Gastroenterologist,Low
Crohn's Disease,"diarrhea, abdominal pain, weight loss, fever, perianal disease","Immunosuppressants, biologics, nutritional support, avoid smoking",Gastroenterologist,High
Ulcerative Colitis,"bloody diarrhea, urgency, abdominal pain, fatigue, weight loss","Aminosalicylates, biologics, hydration, colonoscopy surveillance",Gastroenterologist,High
Diverticulitis,"left lower quadrant pain, fever, nausea, constipation or diarrhea, bloating","Low-fiber diet then high-fiber, antibiotics, rest, fluids",Gastroenterologist,Medium
Gallstones,"right upper quadrant pain, nausea, vomiting, fatty food intolerance, jaundice","Low-fat diet, hydration, surgery if recurrent, pain management",General Surgeon,Medium
Pancreatitis,"severe epigastric pain radiating to back, nausea, vomiting, fever, tender abdomen","IV fluids, fasting, pain control, avoid alcohol",Gastroenterologist,High
Hepatitis A,"fatigue, nausea, jaundice, dark urine, abdominal pain","Vaccination, rest, hydration, avoid alcohol",Infectious Disease Specialist,Medium
Hepatitis B,"jaundice, dark urine, fatigue, joint pain, nausea","Antivirals, vaccination prevention, avoid alcohol, monitor liver",Hepatologist,High
Hepatitis C,"fatigue, jaundice, dark urine, easy bruising, ascites","Direct-acting antivirals, avoid alcohol, monitor fibrosis, vaccination for A/B",Hepatologist,High
Cirrhosis,"fatigue, jaundice, ascites, easy bleeding, confusion","Avoid alcohol, low-sodium diet, diuretics, monitor for liver cancer",Hepatologist,High
Fatty Liver Disease,"asymptomatic, fatigue, right upper quadrant discomfort, enlarged liver","Weight loss, exercise, avoid alcohol, control diabetes",Hepatologist,Medium
Kidney Stones,"severe flank pain, hematuria, nausea, vomiting, dysuria","Hydration (>2L/day), avoid oxalate-rich foods, pain control, strain urine",Urologist,High
Urinary Tract Infection,"dysuria, frequency, urgency, cloudy urine, suprapubic pain","Antibiotics, hydration, cranberry (prevention), void after intercourse",Urologist,Medium
Chronic Kidney Disease,"fatigue, swelling, decreased urine, shortness of breath, nausea","Control BP, low-protein diet, dialysis if advanced, avoid NSAIDs",Nephrologist,High
Acute Kidney Injury,"decreased urine output, fluid retention, fatigue, confusion, chest pain","Treat underlying cause, IV fluids, avoid nephrotoxins, monitor electrolytes",Nephrologist,High
Bladder Cancer,"hematuria, dysuria, frequency, back pain, pelvic pain","Smoking cessation, cystoscopy, surgery, immunotherapy",Urologist,High
Prostate Cancer,"difficulty urinating, blood in urine, erectile dysfunction, bone pain, weight loss","PSA screening, biopsy, radiation, surgery, hormone therapy",Urologist,High
Benign Prostatic Hyperplasia,"frequent urination, weak stream, urgency, nocturia, dribbling","Alpha-blockers, 5-ARIs, reduce caffeine, bladder training",Urologist,Medium
Testicular Torsion,"sudden severe testicular pain, swelling, nausea, vomiting, abnormal position","Emergency surgery, manual detorsion if possible, prompt care",Urologist,High
Ovarian Cyst,"pelvic pain, bloating, irregular periods, nausea, pain during intercourse","Watchful waiting, hormonal contraceptives, surgery if large",Gynecologist,Low
Endometriosis,"pelvic pain, painful periods, pain with intercourse, infertility, fatigue","NSAIDs, hormonal therapy, laparoscopy, pain management",Gynecologist,Medium
Polycystic Ovary Syndrome (PCOS),"irregular periods, excess hair growth, acne, weight gain, infertility","Lifestyle changes, metformin, hormonal contraceptives, anti-androgens",Gynecologist,Medium
Cervical Cancer,"abnormal bleeding, pelvic pain, painful intercourse, watery discharge, hematuria","HPV vaccination, Pap screening, surgery, radiation, chemotherapy",Oncologist,High
Breast Cancer,"breast lump, dimpling, nipple discharge, skin changes, swollen lymph nodes","Mammography, biopsy, surgery, chemo, hormonal therapy",Oncologist,High
Ovarian Cancer,"bloating, pelvic pain, early satiety, urinary urgency, fatigue","Surgery, chemotherapy, genetic counseling, CA-125 monitoring",Oncologist,High
Uterine Fibroids,"heavy periods, pelvic pressure, frequent urination, constipation, backache","Watchful waiting, hormonal meds, embolization, myomectomy",Gynecologist,Medium
Pelvic Inflammatory Disease,"lower abdominal pain, fever, abnormal discharge, dyspareunia, irregular bleeding","Antibiotics, treat partners, avoid douching, hospitalization if severe",Gynecologist,High
Chlamydia,"often asymptomatic, dysuria, discharge, testicular pain, rectal pain","Antibiotics (azithromycin), treat partners, retest, abstain during treatment",Infectious Disease Specialist,Medium
Gonorrhea,"dysuria, purulent discharge, testicular pain, rectal discomfort, pharyngitis","Antibiotics (ceftriaxone), treat partners, avoid sex, report to health department",Infectious Disease Specialist,High
Syphilis,"painless sore (chancre), rash on palms/soles, fever, lymphadenopathy, neurologic symptoms","Penicillin, treat partners, serial titers, avoid sex until cured",Infectious Disease Specialist,High
HIV/AIDS,"fever, fatigue, lymphadenopathy, night sweats, weight loss","ART, PrEP for prevention, safe sex, monitor CD4/viral load",Infectious Disease Specialist,High
Herpes Simplex,"painful vesicles, itching, burning, flu-like symptoms, ulcerations","Antivirals (acyclovir), avoid triggers, safe sex, topical analgesics",Dermatologist,Low
Shingles (Herpes Zoster),"unilateral painful rash, burning, tingling, headache, fever","Antivirals within 72h, vaccination, avoid contact with pregnant/immunocompromised",Infectious Disease Specialist,Medium
Mononucleosis,"severe fatigue, sore throat, fever, swollen lymph nodes, splenomegaly","Rest, hydration, avoid contact sports, acetaminophen, time",General Practitioner,Low
Malaria,"cyclic fever, chills, sweats, headache, muscle pain","Prophylaxis for travelers, antimalarials, mosquito nets, prompt treatment",Infectious Disease Specialist,High
Dengue Fever,"high fever, severe headache, retro-orbital pain, joint pain, rash","Hydration, avoid NSAIDs (risk bleeding), mosquito avoidance, hospital if bleeding",Infectious Disease Specialist,High
Zika Virus,"fever, rash, joint pain, conjunctivitis, headache","Avoid pregnancy during infection, mosquito control, supportive care, safe sex",Infectious Disease Specialist,Medium
Lyme Disease,"erythema migrans rash, fever, fatigue, joint pain, headache","Doxycycline, tick checks, protective clothing, remove ticks promptly",Infectious Disease Specialist,Medium
Tetanus,"muscle spasms, lockjaw, difficulty swallowing, rigidity, fever","Wound cleaning, tetanus vaccine, antitoxin, ICU support",Emergency Physician,High
Rabies,"anxiety, agitation, hydrophobia, paralysis, confusion","Post-exposure prophylaxis immediately, wash wound, avoid wildlife, vaccinate pets",Infectious Disease Specialist,High
Food Poisoning (Salmonella),"diarrhea, fever, abdominal cramps, nausea, vomiting","Hydration, rest, avoid antibiotics (usually), report outbreaks",General Practitioner,Medium
E. coli Infection,"bloody diarrhea, severe cramps, vomiting, little fever, possible HUS","Hydration, avoid antidiarrheals, monitor kidney function, supportive",Nephrologist,High
C. difficile Infection,"watery diarrhea, fever, abdominal pain, loss of appetite, colitis","Stop antibiotics if possible, oral vancomycin, probiotics, hand hygiene",Gastroenterologist,High
Sepsis,"fever, rapid heart rate, rapid breathing, confusion, low BP","Emergency IV fluids, broad-spectrum antibiotics, source control, vasopressors",Emergency Physician,High
Iron Deficiency Anemia,"fatigue, pallor, cold hands/feet, brittle nails, pica","Oral iron supplements, dietary iron, treat underlying bleeding, vitamin C",Hematologist,Medium
Hemophilia,"excessive bleeding, easy bruising, joint hemarthrosis, prolonged bleeding after injury","Factor replacement, avoid aspirin, prompt wound care, genetic counseling",Hematologist,High
Leukemia,"fatigue, fever, easy bruising/bleeding, bone pain, weight loss","Chemotherapy, targeted therapy, blood transfusion, infection prevention",Oncologist,High
Lymphoma,"painless lymphadenopathy, fever, night sweats, weight loss, pruritus","Chemotherapy, radiation, immunotherapy, stem cell transplant",Oncologist,High
Myeloma,"bone pain (spine), fatigue, recurrent infections, kidney failure, hypercalcemia","Chemotherapy, steroids, bisphosphonates, stem cell transplant",Hematologist,High
Sickle Cell Disease,"pain crises, anemia, swelling of hands/feet, fatigue, jaundice","Hydration, pain management, hydroxyurea, vaccinations, folic acid",Hematologist,High
Deep Vein Thrombosis,"leg swelling, pain, warmth, redness, discoloration","Anticoagulation, compression stockings, leg elevation, avoid prolonged sitting",Vascular Surgeon,High
Varicose Veins,"bulging veins, aching legs, heaviness, itching, skin changes","Compression stockings, exercise, elevate legs, laser or surgery",Vascular Surgeon,Low
Hemorrhoids,"rectal bleeding, itching, pain, swelling, prolapse","Fiber, hydration, sitz baths, avoid straining, topical creams",General Practitioner,Low
Conjunctivitis,"redness, itching, discharge, tearing, crusting","Hand hygiene, avoid sharing towels, warm compresses, artificial tears",Ophthalmologist,Low
Glaucoma,"vision loss (peripheral), eye pain, halos around lights, redness, nausea","Eye drops (prostaglandins), laser trabeculoplasty, regular eye exams, avoid steroids",Ophthalmologist,High
Cataracts,"blurry vision, glare at night, faded colors, double vision in one eye, frequent prescription changes","Surgery when symptomatic, UV protection, magnifying aids, regular check-ups",Ophthalmologist,Medium
Macular Degeneration,"central vision loss, wavy lines, difficulty reading, dark spot in center","AREDS2 vitamins, anti-VEGF injections, low vision aids, smoking cessation",Ophthalmologist,High
Retinal Detachment,"sudden floaters, light flashes, shadow in vision, curtain over visual field, blurred vision","Emergency surgery, face positioning, avoid eye rubbing, prompt evaluation",Ophthalmologist,High
Otitis Media,"ear pain, fever, irritability, hearing loss, ear drainage","Antibiotics if bacterial, pain relief, observation, avoid smoke",Otolaryngologist,Medium
Sinusitis,"facial pain/pressure, nasal congestion, postnasal drip, decreased smell, fever","Saline irrigation, decongestants, nasal steroids, antibiotics if bacterial",Otolaryngologist,Medium
Pharyngitis,"sore throat, pain with swallowing, fever, red tonsils, exudates","Rapid strep test, antibiotics if strep, warm fluids, rest",General Practitioner,Medium
Laryngitis,"hoarseness, loss of voice, throat tickle, dry cough, mild fever","Voice rest, hydration, humidifier, avoid irritants",General Practitioner,Low
Tonsillitis,"sore throat, red/swollen tonsils, white patches, fever, difficulty swallowing","Antibiotics if bacterial, pain relief, tonsillectomy if recurrent, hydration",Otolaryngologist,Medium
Appendicitis,"periumbilical pain migrating to RLQ, nausea, fever, anorexia, rebound tenderness","Emergency appendectomy, IV fluids, antibiotics, avoid laxatives",General Surgeon,High
Peritonitis,"severe abdominal pain, abdominal rigidity, distension, fever, nausea","Emergency surgery, broad-spectrum antibiotics, IV fluids, ICU care",General Surgeon,High
Cellulitis,"redness, warmth, swelling, tenderness, fever","Oral or IV antibiotics, elevate limb, monitor for abscess, treat portal of entry",Dermatologist,Medium
Abscess,"painful lump, redness, pus drainage, fever, swelling","Incision and drainage, antibiotics, warm compresses, proper wound care",General Surgeon,Medium
Necrotizing Fasciitis,"severe pain, skin discoloration, bullae, fever, crepitus","Emergency surgical debridement, IV antibiotics, ICU support, hyperbaric oxygen",Emergency Physician,High
Osteomyelitis,"bone pain, fever, malaise, redness over bone, sinus tract draining pus","IV antibiotics (prolonged), surgical debridement, immobilization, pain control",Orthopedist,High
Mumps,"parotitis (swollen cheeks), fever, headache, testicular pain, hearing loss","Vaccination (MMR), supportive care, isolation, analgesics",General Practitioner,Medium
Measles,"high fever, cough, coryza, conjunctivitis, Koplik spots, rash","MMR vaccine, isolation, vitamin A, supportive care",Infectious Disease Specialist,High
Rubella,"mild fever, rash (start face), lymphadenopathy, joint pain, conjunctivitis","Isolation, MMR vaccine, avoid pregnant women, supportive",General Practitioner,Low
Whooping Cough (Pertussis),"severe coughing fits, whoop sound, post-tussive vomiting, apnea in infants, fever","Antibiotics (azithromycin), isolation, vaccination (DTaP), supportive",Infectious Disease Specialist,High
Diphtheria,"pseudomembrane in throat, sore throat, fever, bull neck, dysphagia","Antitoxin, antibiotics, isolation, vaccination, airway management",Infectious Disease Specialist,High
Polio,"flu-like then asymmetric paralysis, muscle pain, fever, headache, loss of reflexes","Vaccination (IPV/OPV), supportive care, physical therapy, respiratory support",Infectious Disease Specialist,High
Chickenpox,"vesicular rash (itchy), fever, fatigue, headache, loss of appetite","Antihistamines, cool baths, avoid scratching, vaccination, antivirals if severe",General Practitioner,Low
Hand Foot and Mouth Disease,"oral ulcers, rash on hands/feet, fever, sore throat, irritability","Hydration, rest, fever control, good hygiene, avoid daycare",Pediatrician,Low
Fifth Disease,"slapped cheek rash, lacy rash on trunk, mild fever, joint pain, headache","Symptomatic care, avoid pregnant women, antihistamines, rest",General Practitioner,Low
Scarlet Fever,"fine red rash (sandpaper), strawberry tongue, fever, sore throat, flushing","Antibiotics (penicillin), cool baths, fever control, isolation",General Practitioner,Medium
Rheumatic Fever,"arthritis, carditis, chorea, subcutaneous nodules, erythema marginatum","Penicillin prophylaxis, anti-inflammatory, bed rest, manage heart failure",Cardiologist,High
Kawasaki Disease,"fever >5 days, conjunctivitis, rash, cervical lymphadenopathy, red tongue","IVIG, aspirin, echocardiogram, avoid live vaccines for 11 months",Pediatrician,High
Anaphylaxis,"hives, swelling, difficulty breathing, wheezing, hypotension, GI symptoms","Epinephrine auto-injector, call emergency, lay flat, antihistamines secondary",Emergency Physician,High
Allergic Rhinitis,"sneezing, runny nose, nasal congestion, itchy eyes, postnasal drip","Antihistamines, nasal steroids, allergen avoidance, immunotherapy",Allergist,Low
Food Allergy,"urticaria, vomiting, diarrhea, oral itching, anaphylaxis in severe","Strict avoidance, epinephrine pen, read labels, medical alert bracelet",Allergist,High
Drug Allergy,"rash, hives, fever, eosinophilia, anaphylaxis, Stevens-Johnson syndrome","Stop drug, antihistamines, desensitization if necessary, avoid cross-reactive drugs",Allergist,High
Eosinophilic Esophagitis,"dysphagia, food impaction, heartburn, chest pain, nausea","Dietary elimination, topical steroids, dilation if stricture, PPI trial",Gastroenterologist,Medium
Celiac Disease,"diarrhea, bloating, fatigue, anemia, weight loss, dermatitis herpetiformis","Strict gluten-free diet, nutritional supplements, monitor bone density, gastroenterology follow-up",Gastroenterologist,Medium
Lactose Intolerance,"bloating, diarrhea, abdominal cramps, flatulence, nausea after dairy","Lactose-free diet, lactase supplements, calcium supplementation, reading labels",General Practitioner,Low
Vitamin B12 Deficiency,"fatigue, pallor, paresthesia, balance problems, cognitive changes","Oral or IM B12, dietary sources (meat/eggs), treat pernicious anemia, monitor levels",Hematologist,Medium
Scurvy,"bleeding gums, petechiae, poor wound healing, joint pain, corkscrew hairs","Vitamin C supplementation, citrus fruits, smoking cessation, treat underlying malnutrition",General Practitioner,Low
Rickets,"bone pain, bowed legs, muscle weakness, delayed growth, fractures","Vitamin D and calcium supplementation, sun exposure, correct metabolic abnormalities",Pediatrician,Medium
Osteoporosis,"fractures, loss of height, back pain, stooped posture, bone fragility","Calcium/vitamin D, weight-bearing exercise, bisphosphonates, fall prevention",Endocrinologist,Medium
Paget's Disease of Bone,"bone pain, enlarged bones, fractures, bowed limbs, headache","Bisphosphonates, analgesics, physical therapy, orthopedic surgery if needed",Rheumatologist,Medium
Carpal Tunnel Syndrome,"numbness/tingling in thumb/index/middle, hand pain at night, weakness, clumsiness","Wrist splint, NSAIDs, corticosteroid injection, surgery if severe",Orthopedist,Medium
Tennis Elbow,"lateral elbow pain, weak grip, pain with wrist extension, tenderness, morning stiffness","Rest, ice, brace, physical therapy, corticosteroid injection",Orthopedist,Low
Rotator Cuff Injury,"shoulder pain, weakness, limited range of motion, night pain, clicking","Rest, physical therapy, NSAIDs, steroid injection, surgery for tears",Orthopedist,Medium
ACL Tear,"sudden knee popping, swelling, instability, pain, difficulty walking","RICE (rest, ice, compression, elevation), physical therapy, surgery for active individuals",Orthopedist,High
Meniscus Tear,"knee pain, swelling, locking, catching, difficulty squatting","Rest, physical therapy, surgery if locking or instability, avoid pivoting",Orthopedist,Medium
Herniated Disc,"radiating leg/arm pain, numbness, weakness, back/neck pain, cauda equina symptoms","Physical therapy, NSAIDs, epidural steroid, surgery if neurological deficits",Neurologist,High
Sciatica,"unilateral leg pain, tingling, numbness, weakness, worse with sitting","Physical therapy, NSAIDs, muscle relaxants, avoid heavy lifting",Orthopedist,Medium
Spinal Stenosis,"leg pain/cramping with walking (neurogenic claudication), numbness, weakness, balance problems","Physical therapy, epidural injections, decompression surgery, activity modification",Orthopedist,Medium
Scoliosis,"curved spine, uneven shoulders, rib hump, back pain, gait abnormality","Observation, bracing, physical therapy, surgery for severe curves",Orthopedist,Medium
Kyphosis,"forward rounding of back, back pain, stiffness, fatigue, hunchback posture","Postural exercises, bracing, pain management, surgery for severe",Orthopedist,Medium
Fibromyalgia,"widespread pain, fatigue, sleep disturbance, cognitive fog, headaches","Exercise, CBT, medications (pregabalin, duloxetine), stress management",Rheumatologist,Low
Chronic Fatigue Syndrome,"severe fatigue, post-exertional malaise, unrefreshing sleep, cognitive issues, orthostatic intolerance","Activity pacing, sleep hygiene, CBT, graded exercise therapy (controversial)",General Practitioner,Medium
Complex Regional Pain Syndrome,"severe burning pain, swelling, color changes, temperature changes, allodynia","Physical therapy, pain meds (gabapentin), sympathetic nerve blocks, psychotherapy",Pain Specialist,High
Guillain-Barré Syndrome,"ascending weakness, tingling, areflexia, facial weakness, respiratory failure","IVIG or plasmapheresis, respiratory support, physical therapy, monitor autonomic function",Neurologist,High
Myasthenia Gravis,"fatigable muscle weakness (ptosis, diplopia, dysphagia, limb weakness), worse with activity","Acetylcholinesterase inhibitors, immunosuppression, thymectomy, avoid certain drugs",Neurologist,High
Bell's Palsy,"unilateral facial droop, drooling, decreased taste, ear pain, difficulty closing eye","Corticosteroids within 72h, antivirals if severe, eye lubrication, physical therapy",Neurologist,Medium
Trigeminal Neuralgia,"severe facial pain (electric shock-like), triggered by touch/chewing, burning sensation","Carbamazepine, nerve block, microvascular decompression, avoid triggers",Neurologist,Medium
Restless Legs Syndrome,"urge to move legs, worse at rest, evening worsening, relief with movement, sleep disturbance","Iron supplementation if deficient, dopamine agonists, avoid caffeine, leg massage",Neurologist,Low
Narcolepsy,"excessive daytime sleepiness, cataplexy, sleep paralysis, hallucinations, disrupted night sleep","Stimulants, sodium oxybate, scheduled naps, good sleep hygiene",Sleep Specialist,Medium
Insomnia,"difficulty falling/staying asleep, early waking, daytime fatigue, irritability, poor concentration","Sleep hygiene, CBT-I, limit caffeine, melatonin if appropriate, treat underlying cause",General Practitioner,Low
Sleep Apnea,"snoring, gasping during sleep, daytime sleepiness, morning headache, dry throat","CPAP, oral appliance, weight loss, avoid alcohol before bed, position therapy",Pulmonologist,Medium
Depression,"persistent sadness, loss of interest, fatigue, sleep disturbance, appetite change, suicidal thoughts","Psychotherapy (CBT), antidepressants, exercise, social support, safety plan",Psychiatrist,Medium
Generalized Anxiety Disorder,"excessive worry, restlessness, muscle tension, sleep disturbance, irritability","CBT, SSRIs/SNRIs, relaxation techniques, avoid caffeine, regular exercise",Psychiatrist,Medium
Panic Disorder,"recurrent panic attacks, palpitations, shortness of breath, fear of dying, avoidance behavior","CBT, SSRIs, benzodiazepines short-term, breathing exercises, psychoeducation",Psychiatrist,Medium
Social Anxiety Disorder,"intense fear of social situations, blushing, trembling, nausea, avoidance","CBT, SSRIs, group therapy, exposure therapy, beta-blockers for performance",Psychiatrist,Medium
PTSD,"flashbacks, nightmares, hypervigilance, avoidance of triggers, negative mood","Trauma-focused CBT, EMDR, SSRIs, grounding techniques, support groups",Psychiatrist,Medium
OCD,"obsessions (unwanted thoughts), compulsions (repetitive behaviors), distress, time-consuming","CBT with ERP, SSRIs, reduce reassurance seeking, mindfulness",Psychiatrist,Medium
Bipolar Disorder,"mania (elevated mood, decreased need sleep, impulsivity), depression, mixed episodes","Mood stabilizers (lithium), antipsychotics, psychotherapy, regular sleep",Psychiatrist,High
Schizophrenia,"hallucinations, delusions, disorganized speech, negative symptoms, cognitive deficits","Antipsychotics, CBT, family support, vocational rehab, monitor for metabolic syndrome",Psychiatrist,High
Anorexia Nervosa,"low body weight, intense fear of weight gain, distorted body image, amenorrhea, restrictive eating","Refeeding, weight restoration, family-based therapy, CBT, medical monitoring",Psychiatrist,High
Bulimia Nervosa,"binge eating, compensatory behaviors (vomiting, laxatives), preoccupation weight, electrolyte imbalance","CBT, nutritional counseling, SSRIs, monitor electrolytes, stop purging",Psychiatrist,High
ADHD,"inattention, hyperactivity, impulsivity, disorganization, poor time management","Behavioral therapy, stimulants/non-stimulants, organizational skills, parent training",Psychiatrist,Medium
Autism Spectrum Disorder,"social communication deficits, repetitive behaviors, restricted interests, sensory issues","Behavioral interventions (ABA), speech/occupational therapy, social skills training, medications for comorbidities",Psychiatrist,Medium
Tourette Syndrome,"motor and vocal tics, premonitory urge, waxing-waning course, associated behavioral issues","CBIT, alpha-agonists, antipsychotics for severe, education",Neurologist,Medium
Lewy Body Dementia,"cognitive fluctuations, visual hallucinations, parkinsonism, REM sleep behavior disorder, falls","Cholinesterase inhibitors, avoid antipsychotics, physical therapy, sleep safety",Neurologist,High
Frontotemporal Dementia,"personality changes, apathy, disinhibition, language difficulties, compulsive behaviors","Symptomatic management, speech therapy, caregiver support, safety measures",Neurologist,High
Huntington's Disease,"chorea, cognitive decline, psychiatric symptoms, difficulty swallowing, gait impairment","Tetrabenazine for chorea, antidepressants, genetic counseling, physical/occupational therapy",Neurologist,High
ALS,"muscle weakness (limbs/bulbar), twitching, cramping, dysarthria, dysphagia, respiratory failure","Riluzole, edaravone, noninvasive ventilation, multidisciplinary care, feeding tube",Neurologist,High
Muscular Dystrophy,"proximal weakness, calf pseudohypertrophy, Gower's sign, cardiomyopathy, respiratory insufficiency","Corticosteroids, physical therapy, contracture management, cardiac/respiratory monitoring",Neurologist,High
Cerebral Palsy,"spasticity, motor delay, abnormal gait, contractures, intellectual disability (variable)","Physical/occupational/speech therapy, botulinum toxin, orthopedic surgery, seizure management",Physiatrist,Medium
Spina Bifida,"neural tube defect, lower limb paralysis, bladder/bowel dysfunction, hydrocephalus, latex allergy","Prenatal/postnatal closure, VP shunt, urological management, mobility aids",Neurosurgeon,High
Cystic Fibrosis,"chronic cough, thick mucus, recurrent infections, pancreatic insufficiency, salty sweat","Airway clearance, pancreatic enzymes, CFTR modulators, nutritional support, transplant",Pulmonologist,High
Sickle Cell Trait,"asymptomatic but possible hematuria, inability to concentrate urine, splenic infarction at high altitude","No treatment, genetic counseling, avoid extreme conditions, stay hydrated",Hematologist,Low
Thalassemia,"fatigue, pallor, bone deformities, jaundice, growth delay","Blood transfusions, chelation therapy, folic acid, bone marrow transplant",Hematologist,High
Hemochromatosis,"joint pain, fatigue, diabetes, bronze skin, liver disease","Phlebotomy, iron chelation, avoid iron supplements, monitor ferritin",Hematologist,Medium
Wilson's Disease,"hepatic symptoms, neurological symptoms (tremor, dysarthria), Kayser-Fleischer rings, psychiatric","Copper chelators (penicillamine), zinc acetate, low-copper diet, lifelong treatment",Hepatologist,High
Phenylketonuria,"intellectual disability, microcephary, seizures, light skin/blue eyes, musty odor","Strict low-phenylalanine diet, sapropterin, monitor blood levels, avoid high-protein foods",Geneticist,High
Gaucher's Disease,"hepatosplenomegaly, bone pain, cytopenias, bruising, delayed puberty","Enzyme replacement therapy, substrate reduction, bone marrow transplant if severe",Hematologist,Medium
Marfan Syndrome,"tall stature, long limbs, arachnodactyly, pectus deformity, lens dislocation, aortic root dilation","Beta-blockers, aortic imaging, avoid contact sports, surgery for aortic root",Cardiologist,High
Ehlers-Danlos Syndrome,"joint hypermobility, skin hyperextensibility, easy bruising, chronic pain, tissue fragility","Physical therapy, pain management, joint protection, avoid contact sports",Rheumatologist,Medium
Osteogenesis Imperfecta,"frequent fractures, blue sclerae, hearing loss, short stature, dentinogenesis imperfecta","Bisphosphonates, physical therapy, fracture prevention, rodding surgery",Orthopedist,High
Epidermolysis Bullosa,"blistering skin (minor trauma), nail dystrophy, milia, oral blistering, scarring","Wound care, protective dressings, avoid friction, nutritional support",Dermatologist,High
Ichthyosis,"dry scaly skin, hyperkeratosis, itching, fissures, ectropion (if severe)","Moisturizers, keratolytics (urea/lactic acid), retinoids for severe, avoid harsh soaps",Dermatologist,Low
Vitiligo,"depigmented patches (face/ hands/ genitals), premature graying, Koebner phenomenon","Topical corticosteroids, UVB phototherapy, tacrolimus, camouflage makeup",Dermatologist,Low
Alopecia Areata,"circular hair loss patches, exclamation mark hairs, nail pitting, complete scalp hair loss (alopecia totalis)","Topical/intralesional corticosteroids, minoxidil, contact immunotherapy, wigs",Dermatologist,Medium
Hidradenitis Suppurativa,"painful nodules/abscesses in intertriginous areas, draining sinuses, scars","Lifestyle changes (weight loss, smoking cessation), antibiotics, biologics (adalimumab), surgery",Dermatologist,High
Lichen Planus,"purple polygonal papules, itching, oral white lacy streaks, nail thinning, genital lesions","Topical corticosteroids, oral retinoids, antihistamines, avoid trauma",Dermatologist,Medium
Pemphigus Vulgaris,"flaccid bullae, mucosal erosions (oral, genital), positive Nikolsky sign, crusting","Corticosteroids, rituximab, immunosuppressants, wound care, infection prevention",Dermatologist,High
Dermatomyositis,"heliotrope rash, Gottron's papules, proximal muscle weakness, dysphagia, mechanic's hands","Corticosteroids, methotrexate, IVIG, sun protection, physical therapy",Rheumatologist,High
Polymyositis,"proximal muscle weakness (hips/shoulders), dysphagia, myalgias, fatigue, respiratory involvement","Corticosteroids, immunosuppressants, physical therapy, monitor for lung disease",Rheumatologist,High
Sjögren's Syndrome,"dry eyes, dry mouth, parotid enlargement, joint pain, fatigue","Artificial tears/saliva, pilocarpine, hydroxychloroquine, dental care, manage extraglandular",Rheumatologist,Medium
Antiphospholipid Syndrome,"arterial/venous thrombosis, pregnancy loss, livedo reticularis, thrombocytopenia, stroke","Anticoagulation (warfarin), aspirin, avoid estrogen, monitor aPL antibodies",Hematologist,High
Vasculitis,"purpura, digital ischemia, mononeuritis multiplex, fever, renal involvement","Corticosteroids, cyclophosphamide, rituximab, biopsy, treat underlying cause",Rheumatologist,High
Temporal Arteritis,"new headache, jaw claudication, vision loss (transient or permanent), scalp tenderness, elevated ESR","High-dose corticosteroids, do not delay treatment, temporal artery biopsy, protect vision",Rheumatologist,High
Behçet's Disease,"oral aphthous ulcers, genital ulcers, uveitis, skin lesions (pseudofolliculitis), arthritis","Colchicine, corticosteroids, immunosuppressants (azathioprine, TNF inhibitors), eye care",Rheumatologist,High
Takayasu's Arteritis,"absent pulses, claudication, blood pressure difference in limbs, syncope, fever","Corticosteroids, tocilizumab, revascularization if indicated, monitor for aneurysms",Rheumatologist,High
Polyarteritis Nodosa,"livedo reticularis, mononeuritis multiplex, hypertension, abdominal pain, testicular pain","Corticosteroids, cyclophosphamide, antiviral if HBV-associated, avoid unnecessary biopsies",Rheumatologist,High
Granulomatosis with Polyangiitis (GPA),"chronic sinusitis, nasal crusting, hemoptysis, hematuria, kidney failure","Cyclophosphamide or rituximab, corticosteroids, TMP-SMX for limited disease, monitor ANCA",Rheumatologist,High
Eosinophilic Granulomatosis with Polyangiitis (Churg-Strauss),"asthma, eosinophilia, mononeuritis multiplex, rash, nasal polyps","Corticosteroids, mepolizumab, cyclophosphamide for severe, avoid triggers",Rheumatologist,High
Microscopic Polyangiitis,"glomerulonephritis, pulmonary hemorrhage, palpable purpura, mononeuritis, fever","Corticosteroids, rituximab or cyclophosphamide, plasma exchange if severe, vaccinate",Rheumatologist,High
IgA Vasculitis (Henoch-Schönlein Purpura),"palpable purpura (buttocks/legs), arthritis/arthralgia, abdominal pain, hematuria","Supportive care, hydration, NSAIDs for joint pain, corticosteroids for severe renal/abdominal",Nephrologist,Medium
Acute Lymphoblastic Leukemia,"fever, bone pain, pallor, bruising, lymphadenopathy","Chemotherapy (induction, consolidation), intrathecal chemo, supportive care, stem cell transplant",Oncologist,High
Acute Myeloid Leukemia,"fatigue, pallor, bleeding, recurrent infections, gum hypertrophy","Chemotherapy (cytarabine, anthracycline), supportive care, stem cell transplant, clinical trials",Oncologist,High
Chronic Lymphocytic Leukemia,"lymphadenopathy, fatigue, recurrent infections, anemia, thrombocytopenia","Watchful waiting for early stage, targeted therapy (ibrutinib, venetoclax), chemotherapy, immunotherapy",Oncologist,Medium
Chronic Myeloid Leukemia,"fatigue, weight loss, night sweats, splenomegaly, low-grade fever","Tyrosine kinase inhibitors (imatinib), monitor BCR-ABL, allogeneic transplant if resistant",Oncologist,Medium
Hodgkin's Lymphoma,"painless lymphadenopathy (neck/axillae), fever, night sweats, weight loss, pruritus","Chemotherapy (ABVD), radiation, immunotherapy (brentuximab), stem cell transplant",Oncologist,High
Non-Hodgkin's Lymphoma,"enlarged lymph nodes, fever, night sweats, weight loss, abdominal pain","Chemotherapy (CHOP-like), rituximab, radiation, CAR-T for refractory",Oncologist,High
Multiple Myeloma,"bone pain (spine/ribs), fatigue (anemia), kidney failure, hypercalcemia, recurrent infections","Chemotherapy (VRd), stem cell transplant, bisphosphonates, supportive care",Oncologist,High
Myelodysplastic Syndromes,"anemia, neutropenia, thrombocytopenia, fatigue, recurrent infections","Supportive care (transfusions), lenalidomide, azacitidine, stem cell transplant",Hematologist,High
Aplastic Anemia,"pancytopenia, fatigue, infections, bleeding, pallor","Immunosuppression (ATG, cyclosporine), stem cell transplant, supportive care, avoid marrow toxins",Hematologist,High
Polycythemia Vera,"headache, dizziness, itching (after hot bath), ruddy complexion, splenomegaly","Phlebotomy, low-dose aspirin, hydroxyurea, avoid smoking, hydrate",Hematologist,Medium
Essential Thrombocythemia,"headache, dizziness, bleeding or thrombosis, erythromelalgia, splenomegaly","Low-dose aspirin, hydroxyurea or anagrelide, control cardiovascular risk, avoid trauma",Hematologist,Medium
Myelofibrosis,"fatigue, night sweats, fever, splenomegaly, bone pain","JAK2 inhibitors (ruxolitinib), transfusion support, splenectomy if severe, stem cell transplant",Hematologist,High
Hemolytic Anemia,"fatigue, jaundice, dark urine, splenomegaly, pallor","Identify cause (autoimmune, drug, infection), steroids, folic acid, transfusions, avoid triggers",Hematologist,High
Pernicious Anemia,"fatigue, pallor, paresthesia, gait imbalance (subacute combined degeneration), beefy red tongue","Vitamin B12 injections (IM), lifelong replacement, treat neurological symptoms",Hematologist,Medium
Thalassemia Major,"severe anemia, growth failure, jaundice, skeletal deformities, hepatosplenomegaly","Regular transfusions, chelation therapy, folic acid, bone marrow transplant",Hematologist,High
Hemophilia A,"spontaneous bleeding (joints/muscles), prolonged PTT, easy bruising, hemarthrosis","Factor VIII replacement, avoid aspirin, prompt treatment of bleeds, prophylaxis",Hematologist,High
Hemophilia B,"similar to hemophilia A but factor IX deficiency, bleeding into joints, hematuria","Factor IX replacement, gene therapy (emerging), avoid intramuscular injections",Hematologist,High
von Willebrand Disease,"mucocutaneous bleeding (epistaxis, menorrhagia), easy bruising, prolonged bleeding after surgery","Desmopressin (if type 1), factor concentrates, antifibrinolytics (tranexamic acid), avoid aspirin",Hematologist,Medium
Idiopathic Thrombocytopenic Purpura,"thrombocytopenia, petechiae, purpura, bruising, bleeding gums","Corticosteroids, IVIG, thrombopoietin agonists, rituximab, splenectomy if chronic",Hematologist,High
Thrombotic Thrombocytopenic Purpura,"thrombocytopenia, microangiopathic hemolytic anemia, fever, renal failure, neurological symptoms","Plasma exchange, corticosteroids, rituximab, avoid platelet transfusion (unless life-threatening)",Hematologist,High
Disseminated Intravascular Coagulation,"bleeding (multisite), thrombosis, organ failure, hypotension, fever","Treat underlying cause (sepsis, trauma), replace platelets/coagulation factors, consider heparin",Intensivist,High
Hypercalcemia,"constipation, bone pain, kidney stones, polyuria, confusion (stones, bones, groans, psychiatric overtones)","IV fluids, calcitonin, bisphosphonates (pamidronate/zoledronic acid), treat underlying cause",Endocrinologist,High
Hyponatremia,"nausea, headache, confusion, seizures, coma","Fluid restriction, hypertonic saline (if severe), treat underlying cause (SIADH, heart failure), monitor sodium",Nephrologist,High
Hyperkalemia,"muscle weakness, fatigue, palpitations, paralysis, ECG changes (peaked T waves)","Calcium gluconate (cardioprotection), insulin+glucose, albuterol, sodium polystyrene sulfonate, dialysis",Nephrologist,High
Hypokalemia,"weakness, fatigue, muscle cramps, constipation, ECG changes (U waves, flat T)","Oral/IV potassium, magnesium repletion if needed, reduce diuretics, treat cause",Nephrologist,Medium
Metabolic Acidosis,"rapid breathing (Kussmaul), confusion, fatigue, headache, shock","Correct underlying cause (DKA, renal failure), IV bicarbonate if severe, monitor pH",Intensivist,High
Metabolic Alkalosis,"muscle twitching, hand tingling, nausea, confusion, arrhythmias","Replace volume (saline), correct hypokalemia, acetazolamide, treat vomiting/diuretic overuse",Nephrologist,Medium
Respiratory Acidosis,"drowsiness, headache, confusion, rapid breathing, tremor","Improve ventilation (BiPAP, intubation), treat underlying COPD/pneumonia, bronchodilators, oxygen",Pulmonologist,High
Respiratory Alkalosis,"lightheadedness, perioral tingling, palpitations, chest tightness, tetany","Breathing into a bag, treat hyperventilation cause (anxiety, pain), correct hypoxia",General Practitioner,Low
Dehydration,"thirst, dry mouth, decreased urine output, dizziness, fatigue","Oral rehydration salts, IV fluids if severe, replace electrolytes, treat underlying cause",General Practitioner,Medium
Heat Stroke,"high core temperature, confusion, hot dry skin, rapid heart rate, seizures","Rapid cooling (ice bath, mist fans), IV fluids, monitor organ failure, call emergency",Emergency Physician,High
Hypothermia,"shivering (stop if severe), confusion, slow pulse, slurred speech, loss of consciousness","Passive/external rewarming, warm IV fluids, avoid rough handling, EKG monitoring",Emergency Physician,High
Frostbite,"numbness, white/waxy skin, blisters after rewarming, stiffness, pain","Rapid rewarming (40°C water), analgesia, avoid rubbing, tetanus prophylaxis, possible amputation",Emergency Physician,High
Altitude Sickness,"headache, nausea, fatigue, dizziness, insomnia","Descent to lower altitude, supplemental oxygen, acetazolamide, hydration, avoid alcohol",General Practitioner,Medium
Carbon Monoxide Poisoning,"headache, dizziness, nausea, cherry-red skin (rare), confusion","100% oxygen, hyperbaric oxygen if severe, remove from exposure, monitor neurological function",Emergency Physician,High
Lead Poisoning,"abdominal pain, constipation, fatigue, irritability, wrist drop","Remove source, chelation (EDTA, succimer), dietary calcium/iron, monitor blood lead",Toxicologist,High
Alcohol Poisoning,"confusion, vomiting, slow breathing, blue skin, low body temperature, loss of consciousness","Airway support, IV fluids, thiamine, monitor glucose, treat hypoglycemia",Emergency Physician,High
Opioid Overdose,"respiratory depression, pinpoint pupils, unconsciousness, blue lips, bradycardia","Naloxone (IV/IM/intranasal), rescue breathing, call emergency, monitor for re-sedation",Emergency Physician,High
Benzodiazepine Overdose,"drowsiness, slurred speech, ataxia, coma, respiratory depression","Flumazenil (cautious, may provoke seizures), supportive care, airway protection, activated charcoal",Emergency Physician,High
Cocaine Toxicity,"agitation, chest pain, hypertension, tachycardia, seizure, hyperthermia","Benzodiazepines, cooling, IV fluids, treat arrhythmias, avoid beta-blockers",Emergency Physician,High
Methamphetamine Toxicity,"psychomotor agitation, hypertension, hyperthermia, paranoia, seizure","Benzodiazepines, aggressive cooling, IV fluids, antipsychotics for agitation, monitor rhabdomyolysis",Emergency Physician,High
Serotonin Syndrome,"agitation, clonus, hyperreflexia, tremor, hyperthermia","Discontinue serotonergic drug, benzodiazepines, cyproheptadine, cooling, supportive care",Emergency Physician,High
Neuroleptic Malignant Syndrome,"fever, muscle rigidity, altered mental status, autonomic instability, elevated CK","Stop antipsychotics, dantrolene or bromocriptine, supportive care, cooling",Psychiatrist,High
Malignant Hyperthermia,"rigidity, hyperthermia, tachycardia, hypercapnia, rhabdomyolysis (after anesthesia)","Dantrolene, stop triggering anesthetics, cooling, oxygen, treat acidosis",Anesthesiologist,High
Organophosphate Poisoning,"salivation, lacrimation, urination, diarrhea, muscle fasciculations, miosis","Atropine, pralidoxime, airway support, decontamination, seizure control",Toxicologist,High
Cyanide Poisoning,"sudden headache, confusion, seizures, coma, cherry-red skin, hypotension","Cyanide antidote kit (amyl nitrite, sodium thiosulfate), hydroxocobalamin, oxygen",Emergency Physician,High
Botulism,"descending paralysis, ptosis, dysphagia, dry mouth, respiratory failure","Antitoxin (equine/heptavalent), supportive care (ventilation), wound debridement, monitor for relapse",Infectious Disease Specialist,High
Anthrax,"skin ulcer with black eschar (cutaneous), respiratory symptoms, fever (inhalational), GI symptoms","Ciprofloxacin or doxycycline, anthrax vaccine, antitoxin, quarantine",Infectious Disease Specialist,High
Plague,"painful lymphadenitis (bubo), fever, pneumonia, sepsis (black death)","Streptomycin or gentamicin, isolation, doxycycline prophylaxis for contacts, supportive care",Infectious Disease Specialist,High
Tularemia,"ulceroglandular lesion, fever, lymphadenopathy, pneumonia, conjunctivitis","Streptomycin, gentamicin, doxycycline, avoid handling wild rodents, tick precautions",Infectious Disease Specialist,High
Brucellosis,"undulant fever, night sweats, arthralgia, hepatosplenomegaly, fatigue","Doxycycline + rifampin or streptomycin, avoid unpasteurized dairy, relapse common",Infectious Disease Specialist,Medium
Leptospirosis,"high fever, severe headache, muscle pain, conjunctival suffusion, jaundice (Weil's disease)","Doxycycline or penicillin, supportive care, fluid management, rodent control",Infectious Disease Specialist,High
Q Fever,"high fever, severe headache, atypical pneumonia, hepatitis, chronic endocarditis","Doxycycline, hydroxychloroquine for chronic, avoid contact with animals (sheep/goats)",Infectious Disease Specialist,Medium
Psittacosis,"fever, severe headache, dry cough, myalgia, relative bradycardia","Doxycycline, tetracycline, isolate birds, supportive care",Infectious Disease Specialist,Medium
Hantavirus,"fever, myalgia, headache, then respiratory distress (HPS), hypotension","Supportive care (ECMO if severe), ribavirin (uncertain), avoid rodent exposure, early recognition",Pulmonologist,High
Lassa Fever,"gradual fever, sore throat, retrosternal pain, proteinuria, bleeding (late)","Ribavirin, supportive care, isolation, contact tracing, rodent control",Infectious Disease Specialist,High
Ebola,"hemorrhagic fever, severe weakness, myalgia, vomiting, diarrhea, bleeding","Supportive care (fluids, electrolytes), investigational treatments (monoclonal antibodies), strict isolation",Infectious Disease Specialist,High
Marburg Virus,"similar to Ebola: hemorrhagic fever, shock, multiorgan failure","Same as Ebola, supportive care, no specific antiviral, avoid fruit bats",Infectious Disease Specialist,High
Yellow Fever,"fever, backache, nausea, jaundice, black vomit, hemorrhage","Supportive care, no antiviral, vaccination (very effective), mosquito control",Infectious Disease Specialist,High
Chikungunya,"high fever, severe arthralgia (debilitating), rash, myalgia, headache","Supportive care (NSAIDs, fluids), avoid aspirin, mosquito repellent, chronic arthritis possible",Infectious Disease Specialist,Medium
West Nile Virus,"fever, headache, myalgia, rash, then meningitis/encephalitis in severe","Supportive care, hospitalization for neuroinvasive, no specific treatment, mosquito control",Neurologist,High
Japanese Encephalitis,"acute encephalitis, fever, headache, seizures, movement disorders","Supportive care, no antiviral, vaccination for prevention, mosquito avoidance",Infectious Disease Specialist,High
St. Louis Encephalitis,"fever, headache, confusion, dysarthria, coma","Supportive care, control of intracranial pressure, no specific antiviral, mosquito control",Infectious Disease Specialist,High
Eastern Equine Encephalitis,"sudden high fever, severe headache, seizures, coma (high mortality)","Intensive supportive care, no antiviral, prevention via mosquito control and vaccination (horses)",Infectious Disease Specialist,High
Nipah Virus,"fever, headache, dizziness, encephalitis, respiratory symptoms, case fatality high","Supportive care, ribavirin (uncertain), strict isolation, avoid contact with pigs/bats",Infectious Disease Specialist,High
Hendra Virus,"fever, dry cough, dyspnea, encephalitis, high mortality","Supportive care, ribavirin (not proven), avoid sick horses, PPE for veterinarians",Infectious Disease Specialist,High
MERS-CoV,"fever, cough, shortness of breath, pneumonia, renal failure","Supportive care, isolation, no specific treatment, avoid camels, respiratory hygiene",Pulmonologist,High
SARS,"fever, dry cough, dyspnea, hypoxia, lymphopenia","Supportive care, isolation, ribavirin and steroids (historical), infection control",Pulmonologist,High
Parainfluenza,"croup (barking cough), fever, hoarseness, stridor, rhinitis","Supportive care, humidified oxygen, epinephrine for severe croup, corticosteroids",Pediatrician,Medium
Respiratory Syncytial Virus (RSV),"runny nose, cough, wheezing, fever, apnea in infants","Supportive care, palivizumab for high-risk infants, hydration, oxygen if needed",Pediatrician,High
Human Metapneumovirus,"cough, fever, nasal congestion, dyspnea, similar to RSV","Supportive care, oxygen, hydration, no specific antiviral, isolation",General Practitioner,Medium
Adenovirus Infection,"fever, pharyngitis, conjunctivitis, diarrhea, pneumonia (serotypes)","Supportive care, no specific antiviral, cidofovir for severe immunocompromised, hand hygiene",General Practitioner,Low
Rhinovirus Infection,"common cold: sneezing, runny nose, sore throat, mild cough","Rest, hydration, OTC decongestants, hand hygiene, avoid touching face",General Practitioner,Low
Enterovirus Infection,"fever, rash, oral ulcers (herpangina), hand-foot-mouth, aseptic meningitis","Supportive care, isolation, hydration, no specific antiviral",General Practitioner,Medium
Norovirus Infection,"acute vomiting, watery diarrhea, low-grade fever, abdominal cramps, nausea","Oral rehydration, hand hygiene, isolation, bleach cleaning, avoid food prep",General Practitioner,Medium
Rotavirus Infection,"severe watery diarrhea, vomiting, fever, dehydration, abdominal pain","Oral rehydration, rotavirus vaccine, hospitalization if severe, hand hygiene",Pediatrician,High
Astrovirus Infection,"mild watery diarrhea, nausea, low fever, abdominal pain, headache","Supportive care, hydration, hand hygiene, no specific treatment",General Practitioner,Low
Campylobacteriosis,"bloody diarrhea, fever, abdominal pain, cramps, nausea","Fluids, electrolytes, azithromycin if severe, avoid raw poultry, hand washing",General Practitioner,Medium
Listeriosis,"fever, myalgia, diarrhea (mild), then meningitis/sepsis in pregnant/elderly","IV ampicillin + gentamicin, supportive care, avoid unpasteurized dairy/ready-to-eat meats",Infectious Disease Specialist,High
Yersiniosis,"fever, abdominal pain (right lower quadrant mimicking appendicitis), diarrhea, lymphadenitis","Supportive care, antibiotics (trimethoprim-sulfamethoxazole) if severe, proper food handling",General Practitioner,Medium
Cholera,"profuse watery diarrhea (rice water), vomiting, rapid dehydration, leg cramps","Oral rehydration salts, IV fluids, doxycycline/azithromycin, sanitation, safe water",Infectious Disease Specialist,High
Shigellosis,"bloody diarrhea, fever, tenesmus, abdominal cramps, seizure (children)","Fluids, antibiotics (ciprofloxacin, azithromycin), hygiene, avoid antidiarrheals",General Practitioner,High
Typhoid Fever,"prolonged fever, headache, abdominal pain, rose spots, constipation or diarrhea","Ciprofloxacin or ceftriaxone, hydration, typhoid vaccine, avoid contaminated food/water",Infectious Disease Specialist,High
Paratyphoid Fever,"milder than typhoid, fever, headache, diarrhea, rose spots","Fluoroquinolones, supportive care, food/water hygiene, similar prevention",Infectious Disease Specialist,Medium
Amebiasis,"bloody diarrhea (flask-shaped ulcers), abdominal pain, fever, liver abscess possible","Metronidazole or tinidazole, then luminal agent (paromomycin), sanitation, safe water",Gastroenterologist,Medium
Giardiasis,"foul-smelling diarrhea, flatulence, bloating, nausea, greasy stools","Metronidazole or tinidazole, hydration, avoid contaminated water, hand hygiene",General Practitioner,Medium
Cryptosporidiosis,"watery diarrhea, abdominal cramps, nausea, low-grade fever, dehydration","Supportive care (oral rehydration), nitazoxanide, avoid swimming pools, immunocompromised severe",Infectious Disease Specialist,Medium
Cyclosporiasis,"explosive watery diarrhea, nausea, loss of appetite, weight loss, fatigue","Trimethoprim-sulfamethoxazole, hydration, avoid imported produce, hand hygiene",General Practitioner,Medium
Toxoplasmosis,"lymphadenopathy, fever, malaise, retinochoroiditis (congenital), brain abscess (immunocompromised)","Pyrimethamine + sulfadiazine + leucovorin, avoid cat litter, cook meat well",Infectious Disease Specialist,High
Leishmaniasis,"skin ulcers (cutaneous), fever, hepatosplenomegaly (visceral), pancytopenia, weight loss","Liposomal amphotericin B (visceral), antimonials (cutaneous), avoid sandflies",Infectious Disease Specialist,High
Chagas Disease,"acute: fever, swelling at bite site (Romaña's sign), chronic: megacolon, cardiomyopathy, dysphagia","Benznidazole or nifurtimox (acute/early chronic), treat CHF/arrhythmias, avoid reduviid bugs",Infectious Disease Specialist,High
African Sleeping Sickness,"fever, headache, joint pain (stage 1), then sleep disturbance, neurological symptoms (stage 2)","Pentamidine (stage 1), melarsoprol or eflornithine (stage 2), avoid tsetse flies",Infectious Disease Specialist,High
Schistosomiasis,"swimmer's itch (cercarial dermatitis), fever, hematuria (S. haematobium), hepatosplenomegaly","Praziquantel, avoid freshwater in endemic areas, treat all family members",Infectious Disease Specialist,Medium
Filariasis,"lymphedema (elephantiasis), hydrocele, fever, eosinophilia, episodic lymphangitis","Diethylcarbamazine (DEC), doxycycline (anti-Wolbachia), surgery for hydrocele, mosquito nets",Infectious Disease Specialist,Medium
Onchocerciasis,"skin nodules, severe itching, eye lesions (river blindness), lymphadenopathy","Ivermectin, avoid blackfly bites, community treatment, anti-inflammatory for ocular",Infectious Disease Specialist,High
Loiasis,"calabar swellings (migratory angioedema), subconjunctival worm migration, pruritus, eosinophilia","DEC or albendazole, avoid biting flies, treat cautiously (risk encephalitis if high microfilaria)",Infectious Disease Specialist,Medium
Guinea Worm Disease,"painful blister on lower limb, worm emerging from ulcer, fever, cellulitis","Extract worm slowly over days, wound care, avoid contaminated water, drink filtered water",Infectious Disease Specialist,Medium
Hookworm Infection,"ground itch (cutaneous larval migration), abdominal pain, iron deficiency anemia, fatigue","Albendazole or mebendazole, iron supplementation, proper sanitation, avoid walking barefoot",General Practitioner,Medium
Ascariasis,"abdominal discomfort, malnutrition, cough (larval migration), visible worms in stool, bowel obstruction","Albendazole or mebendazole, hygiene, proper sewage disposal, handwashing",General Practitioner,Medium
Trichuriasis,"abdominal pain, bloody diarrhea (dysentery), rectal prolapse, tenesmus, anemia","Albendazole or mebendazole, iron replacement, sanitation, wash fruits/vegetables",General Practitioner,Medium
Enterobiasis (Pinworm),"perianal itching, insomnia, irritability, visible worms in stool, secondary bacterial infection","Albendazole or mebendazole, treat household members, wash bedding, hand hygiene",General Practitioner,Low
Tapeworm Infection (Taeniasis),"abdominal pain, nausea, passage of proglottids, weight loss, perianal itching","Praziquantel or niclosamide, cook meat thoroughly, sanitation, avoid raw pork/beef",General Practitioner,Medium
Cysticercosis,"neurocysticercosis (seizures, headaches, hydrocephalus), subcutaneous nodules, vision changes","Antiparasitic (albendazole/praziquantel) plus corticosteroids, surgery if needed, sanitation",Neurologist,High
Echinococcosis,"liver cysts (hydatid), pain, jaundice, anaphylaxis if rupture, lung cysts","Surgical removal (PAIR procedure), albendazole, avoid contact with dogs/sheep",Gastroenterologist,High
Paragonimiasis,"cough, hemoptysis, chest pain, fever (mimics TB), subcutaneous nodules","Praziquantel or triclabendazole, avoid raw crustaceans, sputum exam",Infectious Disease Specialist,Medium
Clonorchiasis,"fatigue, abdominal discomfort, diarrhea, later jaundice, cholangiocarcinoma risk","Praziquantel, avoid raw freshwater fish, treat all family members, ultrasound follow-up",Gastroenterologist,Medium
Opisthorchiasis,"similar to clonorchiasis: abdominal pain, hepatomegaly, diarrhea, cholangitis","Praziquantel, avoid raw fish, screen for cholangiocarcinoma, supportive care",Gastroenterologist,Medium
Fascioliasis,"fever, right upper quadrant pain, hepatomegaly, eosinophilia, biliary obstruction","Triclabendazole, avoid watercress, treat comorbidities, monitor liver function",Infectious Disease Specialist,Medium
Fasciolopsiasis,"abdominal pain, diarrhea, ascites (if heavy infection), malnutrition, intestinal obstruction","Praziquantel, proper sanitation, avoid raw aquatic plants, community treatment",General Practitioner,Medium
Diphyllobothriasis,"abdominal discomfort, fatigue, megaloblastic anemia (B12 deficiency), passage of proglottids","Praziquantel, vitamin B12 supplementation, cook fish thoroughly, avoid raw freshwater fish",Hematologist,Medium